"timestamp","log_message","is_anomaly","anomaly_type"
"2025-04-06 08:00:00","Starting batch job","0","normal"
"2025-04-06 08:01:15","Connecting to PostgreSQL database...","0","normal"
"2025-04-06 08:02:30","Fetched 1000 records successfully","0","normal"
"2025-04-06 08:03:45","Transforming cost data...","0","normal"
"2025-04-06 08:04:30","WARN: Memory usage at 75%","1","high_memory_usage"
"2025-04-06 08:05:10","ERROR: Failed to connect to PostgreSQL database","1","db_connection_error"
"2025-04-06 08:06:00","Retrying connection in 10 seconds...","0","normal"
"2025-04-06 08:07:15","Connected successfully after retry","0","normal"
"2025-04-06 08:08:00","Loaded transformed data into warehouse","0","normal"
"2025-04-06 08:09:30","Disk usage at 98%","1","disk_full"
"2025-04-06 08:10:15","INFO: Cache cleared successfully","0","normal"
"2025-04-06 08:11:00","API call returned status code 200","0","normal"
"2025-04-06 08:12:30","ERROR: TypeError: Cannot read property 'map' of undefined","1","react_render_error"
"2025-04-06 08:13:45","React component rendered successfully","0","normal"
"2025-04-06 08:14:00","Job completed in 14 minutes","0","normal"
"2025-04-06 08:15:15","Starting new pipeline: billing_data_pipeline","0","normal"
"2025-04-06 08:16:00","Fetching data from Azure API","0","normal"
"2025-04-06 08:17:30","ERROR: Timeout exceeded while fetching data","1","timeout_error"
"2025-04-06 08:19:30","WARNING: High GC pause detected","1","high_memory_usage"
"2025-04-06 08:20:00","API call failed with error: 502 Bad Gateway","1","api_call_failure"
"2025-04-06 08:21:15","INFO: Retrying failed API call...","0","normal"
"2025-04-06 08:22:30","Successfully fetched data after retry","0","normal"
"2025-04-06 08:23:45","INFO: Writing data to HDFS node hdfs-node-03","0","normal"
"2025-04-06 08:24:00","ERROR: Write failed - No space left on device","1","disk_full"
"2025-04-06 08:25:15","INFO: Archiving old logs to free up space","0","normal"
"2025-04-06 08:26:30","INFO: Disk usage reduced to 82%","0","normal"
"2025-04-06 08:27:45","INFO: Data successfully written to HDFS","0","normal"
"2025-04-06 08:28:00","INFO: Starting validation checks...","0","normal"
"2025-04-06 08:29:15","INFO: Validation passed for all records","0","normal"
"2025-04-06 08:30:30","INFO: Job completed successfully","0","normal"
"2025-04-06 08:31:45","INFO: Next job scheduled for 12:00 AM","0","normal"
"2025-04-06 08:32:00","ERROR: Connection refused by Redis server","1","db_connection_error"
"2025-04-06 08:33:15","INFO: Attempting reconnect...","0","normal"
"2025-04-06 08:34:30","INFO: Reconnected successfully","0","normal"
"2025-04-06 08:35:45","INFO: Cache refreshed successfully","0","normal"
"2025-04-06 08:36:00","ERROR: Request failed: 504 Gateway Timeout","1","timeout_error"
"2025-04-06 08:37:15","INFO: Triggering fallback mechanism...","0","normal"
"2025-04-06 08:39:45","INFO: React app started successfully","0","normal"
"2025-04-06 08:40:00","ERROR: Uncaught ReferenceError: variable is not defined","1","react_render_error"
"2025-04-06 08:42:30","INFO: All services running normally","0","normal"
"2025-04-06 08:43:45","INFO: Monitoring continues...","0","normal"
"2025-04-06 08:00:00","Starting batch job","0","normal"
"2025-04-06 08:01:15","Connecting to PostgreSQL database...","0","normal"
"2025-04-06 08:02:30","Fetched 1000 records successfully","0","normal"
"2025-04-06 08:03:45","Transforming cost data...","0","normal"
"2025-04-06 08:04:30","WARN: Memory usage at 75%","1","high_memory_usage"
"2025-04-06 08:05:10","ERROR: Failed to connect to PostgreSQL database","1","db_connection_error"
"2025-04-06 08:06:00","Retrying connection in 10 seconds...","0","normal"
"2025-04-06 08:07:15","Connected successfully after retry","0","normal"
"2025-04-06 08:08:00","Loaded transformed data into warehouse","0","normal"
"2025-04-06 08:09:30","Disk usage at 98%","1","disk_full"
"2025-04-06 08:10:15","INFO: Cache cleared successfully","0","normal"
"2025-04-06 08:11:00","API call returned status code 200","0","normal"
"2025-04-06 08:12:30","ERROR: TypeError: Cannot read property 'map' of undefined","1","react_render_error"
"2025-04-06 08:13:45","React component rendered successfully","0","normal"
"2025-04-06 08:14:00","Job completed in 14 minutes","0","normal"
"2025-04-06 08:15:15","Starting new pipeline: billing_data_pipeline","0","normal"
"2025-04-06 08:16:00","Fetching data from Azure API","0","normal"
"2025-04-06 08:17:30","ERROR: Timeout exceeded while fetching data","1","timeout_error"
"2025-04-06 08:19:30","WARNING: High GC pause detected","1","high_memory_usage"
"2025-04-06 08:20:00","API call failed with error: 502 Bad Gateway","1","api_call_failure"
"2025-04-06 08:21:15","INFO: Retrying failed API call...","0","normal"
"2025-04-06 08:22:30","Successfully fetched data after retry","0","normal"
"2025-04-06 08:23:45","INFO: Writing data to HDFS node hdfs-node-03","0","normal"
"2025-04-06 08:24:00","ERROR: Write failed - No space left on device","1","disk_full"
"2025-04-06 08:25:15","INFO: Archiving old logs to free up space","0","normal"
"2025-04-06 08:26:30","INFO: Disk usage reduced to 82%","0","normal"
"2025-04-06 08:27:45","INFO: Data successfully written to HDFS","0","normal"
"2025-04-06 08:28:00","INFO: Starting validation checks...","0","normal"
"2025-04-06 08:29:15","INFO: Validation passed for all records","0","normal"
"2025-04-06 08:30:30","INFO: Job completed successfully","0","normal"
"2025-04-06 08:31:45","INFO: Next job scheduled for 12:00 AM","0","normal"
"2025-04-06 08:32:00","ERROR: Connection refused by Redis server","1","db_connection_error"
"2025-04-06 08:33:15","INFO: Attempting reconnect...","0","normal"
"2025-04-06 08:34:30","INFO: Reconnected successfully","0","normal"
"2025-04-06 08:35:45","INFO: Cache refreshed successfully","0","normal"
"2025-04-06 08:36:00","ERROR: Request failed: 504 Gateway Timeout","1","timeout_error"
"2025-04-06 08:37:15","INFO: Triggering fallback mechanism...","0","normal"
"2025-04-06 08:39:45","INFO: React app started successfully","0","normal"
"2025-04-06 08:40:00","ERROR: Uncaught ReferenceError: variable is not defined","1","react_render_error"
"2025-04-06 08:42:30","INFO: All services running normally","0","normal"
"2025-04-06 08:43:45","INFO: Monitoring continues...","0","normal"
"2025-04-06 08:44:00","ERROR: Database connection timeout","1","db_connection_error"
"2025-04-06 08:45:15","INFO: Query executed successfully","0","normal"
"2025-04-06 08:46:30","INFO: User login successful","0","normal"
"2025-04-06 08:47:45","ERROR: Unexpected token '<'","1","react_render_error"
"2025-04-06 08:48:00","INFO: UI rendering complete","0","normal"
"2025-04-06 08:49:15","ERROR: Too many open files in system","1","high_memory_usage"
"2025-04-06 08:50:30","INFO: File handles released","0","normal"
"2025-04-06 08:51:45","INFO: Scheduled task initiated","0","normal"
"2025-04-06 08:52:00","ERROR: API rate limit exceeded","1","api_call_failure"
"2025-04-06 08:53:15","INFO: Throttling requests...","0","normal"
"2025-04-06 08:54:30","INFO: Resuming normal operations","0","normal"
"2025-04-06 08:55:45","INFO: Backup process started","0","normal"
"2025-04-06 08:56:00","INFO: Backed up 2GB of data","0","normal"
"2025-04-06 08:57:15","INFO: Backup completed successfully","0","normal"
"2025-04-06 08:58:30","INFO: Idle resources detected","0","normal"
"2025-04-06 08:59:45","INFO: Reducing instance count","0","normal"
"2025-04-06 09:00:00","INFO: Cluster scaling complete","0","normal"
"2025-04-06 09:01:15","INFO: Listening on port 3000","0","normal"
"2025-04-06 09:02:30","INFO: New client connected","0","normal"
"2025-04-06 09:03:45","ERROR: Connection dropped unexpectedly","1","timeout_error"
"2025-04-06 09:04:00","INFO: Client disconnected","0","normal"
"2025-04-06 09:05:15","INFO: Health check passed","0","normal"
"2025-04-06 09:06:30","ERROR: Could not parse JSON payload","1","api_call_failure"
"2025-04-06 09:07:45","INFO: Invalid request handled gracefully","0","normal"
"2025-04-06 09:08:00","INFO: Server uptime: 2 hours","0","normal"
"2025-04-06 09:09:15","INFO: CPU usage: 45%","0","normal"
"2025-04-06 09:10:30","INFO: Memory usage: 60%","0","normal"
"2025-04-06 09:11:45","INFO: Disk usage: 78%","0","normal"
"2025-04-06 09:12:00","WARNING: Disk usage above threshold","1","disk_full"
"2025-04-06 09:13:15","INFO: Cleanup script triggered","0","normal"
"2025-04-06 09:14:30","INFO: Disk usage back to 68%","0","normal"
"2025-04-06 09:15:45","INFO: Log rotation complete","0","normal"
"2025-04-06 09:16:00","INFO: Waiting for next event...","0","normal"
"2025-04-06 09:17:15","INFO: Received webhook from external service","0","normal"
"2025-04-06 09:18:30","ERROR: Webhook signature mismatch","1","api_call_failure"
"2025-04-06 09:19:45","INFO: Webhook rejected for security reasons","0","normal"
"2025-04-06 09:20:00","INFO: Security audit complete","0","normal"
"2025-04-06 09:21:15","INFO: No vulnerabilities found","0","normal"
"2025-04-06 09:23:45","INFO: React dev server started","0","normal"
"2025-04-06 09:24:00","ERROR: Failed to compile due to syntax error","1","react_render_error"
"2025-04-06 09:26:30","INFO: Hot module replacement enabled","0","normal"
"2025-04-06 09:27:45","INFO: UI update pushed to browser","0","normal"
"2025-04-06 09:28:00","ERROR: Out of memory: Killed process","1","high_memory_usage"
"2025-04-06 09:29:15","INFO: Restarting process...","0","normal"
"2025-04-06 09:30:30","INFO: Process restarted successfully","0","normal"
"2025-04-06 09:31:45","INFO: Memory usage stabilized","0","normal"
"2025-04-06 09:32:00","ERROR: Connection reset by peer","1","timeout_error"
"2025-04-06 09:33:15","INFO: Network issue detected","0","normal"
"2025-04-06 09:34:30","INFO: Connection restored","0","normal"
"2025-04-06 09:35:45","INFO: Monitoring resumed","0","normal"
"2025-04-06 09:36:00","INFO: Weekend support agent online","0","normal"
"2025-04-06 09:37:15","INFO: Watching for anomalies...","0","normal"
"2025-04-06 09:38:30","INFO: Alerting system initialized","0","normal"
"2025-04-06 09:39:45","INFO: All systems nominal","0","normal"
"2025-04-06 09:40:00","ERROR: Unexpected EOF during stream read","1","api_call_failure"
"2025-04-06 09:41:15","INFO: Stream closed gracefully","0","normal"
"2025-04-06 09:42:30","INFO: Logging metrics to Prometheus","0","normal"
"2025-04-06 09:43:45","INFO: Metrics published successfully","0","normal"
"2025-04-06 09:44:00","ERROR: Unable to resolve DNS name","1","db_connection_error"
"2025-04-06 09:45:15","INFO: DNS resolution restored","0","normal"
"2025-04-06 09:46:30","INFO: Service discovery updated","0","normal"
"2025-04-06 09:47:45","INFO: Auto-scaling policy updated","0","normal"
"2025-04-06 09:48:00","INFO: Configuration reload complete","0","normal"
"2025-04-06 09:49:15","INFO: Graceful shutdown initiated","0","normal"
"2025-04-06 09:50:30","INFO: All processes terminated","0","normal"
"2025-04-06 09:51:45","INFO: Weekend monitoring paused","0","normal"
"2025-04-06 09:52:00","INFO: Ready for next shift","0","normal"
"2025-04-06 09:53:15","INFO: Weekend monitoring resumed","0","normal"
"2025-04-06 09:54:30","ERROR: Failed to fetch data from upstream service","1","api_call_failure"
"2025-04-06 09:55:45","INFO: Retrying request...","0","normal"
"2025-04-06 09:57:15","INFO: Processing batch records...","0","normal"
"2025-04-06 09:58:30","ERROR: Cannot read property 'length' of undefined","1","react_render_error"
"2025-04-06 09:59:45","INFO: Component updated successfully","0","normal"
"2025-04-06 10:00:00","INFO: Starting daily cleanup job","0","normal"
"2025-04-06 10:01:15","INFO: Removing stale temp files...","0","normal"
"2025-04-06 10:02:30","INFO: Removed 512MB of temporary data","0","normal"
"2025-04-06 10:03:45","INFO: Disk usage now at 72%","0","normal"
"2025-04-06 10:04:00","INFO: Cleanup complete","0","normal"
"2025-04-06 10:05:15","INFO: Waiting for next event...","0","normal"
"2025-04-06 10:06:30","ERROR: Connection pool exhausted","1","db_connection_error"
"2025-04-06 10:07:45","INFO: Increasing connection pool size...","0","normal"
"2025-04-06 10:08:00","INFO: Pool size increased to 20 connections","0","normal"
"2025-04-06 10:09:15","INFO: Database query executed successfully","0","normal"
"2025-04-06 10:10:30","INFO: React component tree built","0","normal"
"2025-04-06 10:11:45","ERROR: Maximum update depth exceeded","1","react_render_error"
"2025-04-06 10:12:00","INFO: Render cycle fixed","0","normal"
"2025-04-06 10:13:15","INFO: Rendering completed without errors","0","normal"
"2025-04-06 10:14:30","INFO: Job queue is empty","0","normal"
"2025-04-06 10:16:00","ERROR: Request took longer than 30s to respond","1","timeout_error"
"2025-04-06 10:17:15","INFO: Timeout threshold increased to 60s","0","normal"
"2025-04-06 10:18:30","INFO: Configuration updated successfully","0","normal"
"2025-04-06 10:19:45","INFO: Monitoring continues...","0","normal"
"2025-04-06 10:20:00","ERROR: No response from downstream service","1","api_call_failure"
"2025-04-06 10:21:15","INFO: Service status check initiated","0","normal"
"2025-04-06 10:22:30","INFO: Downstream service is online","0","normal"
"2025-04-06 10:23:45","INFO: Retrying failed request...","0","normal"
"2025-04-06 10:24:00","INFO: Request succeeded on retry","0","normal"
"2025-04-06 10:25:15","INFO: Logging metrics to InfluxDB","0","normal"
"2025-04-06 10:26:30","ERROR: Failed to write to InfluxDB: timeout","1","timeout_error"
"2025-04-06 10:27:45","INFO: Retrying InfluxDB write...","0","normal"
"2025-04-06 10:28:00","INFO: Write successful after retry","0","normal"
"2025-04-06 10:29:15","INFO: Metrics upload complete","0","normal"
"2025-04-06 10:30:30","INFO: Checking for updates...","0","normal"
"2025-04-06 10:31:45","INFO: No updates available","0","normal"
"2025-04-06 10:32:00","INFO: Version 1.4.2 running","0","normal"
"2025-04-06 10:33:15","INFO: Auto-update disabled","0","normal"
"2025-04-06 10:34:30","INFO: Listening for incoming events...","0","normal"
"2025-04-06 10:35:45","ERROR: Event handler failed: TypeError","1","react_render_error"
"2025-04-06 10:36:00","INFO: Handler logic corrected","0","normal"
"2025-04-06 10:37:15","INFO: Event processing resumed","0","normal"
"2025-04-06 10:38:30","INFO: System heartbeat detected","0","normal"
"2025-04-06 10:39:45","INFO: Last heartbeat: 2 minutes ago","0","normal"
"2025-04-06 10:40:00","ERROR: Heartbeat not received for 5 minutes","1","timeout_error"
"2025-04-06 10:41:15","INFO: Heartbeat restored","0","normal"
"2025-04-06 10:42:30","INFO: Connection health good","0","normal"
"2025-04-06 10:43:45","INFO: Memory usage: 58%","0","normal"
"2025-04-06 10:44:00","WARNING: GC pause time increased","1","high_memory_usage"
"2025-04-06 10:45:15","INFO: Garbage collector tuned","0","normal"
"2025-04-06 10:46:30","INFO: GC performance improved","0","normal"
"2025-04-06 10:47:45","INFO: CPU usage: 39%","0","normal"
"2025-04-06 10:48:00","INFO: I/O wait time low","0","normal"
"2025-04-06 10:49:15","INFO: Network latency: 12ms","0","normal"
"2025-04-06 10:50:30","INFO: All metrics within acceptable range","0","normal"
"2025-04-06 10:51:45","INFO: Entering quiet mode","0","normal"
"2025-04-06 10:52:00","ERROR: Could not find module: utils.js","1","react_render_error"
"2025-04-06 10:53:15","INFO: Module loaded successfully","0","normal"
"2025-04-06 10:54:30","INFO: Dependency tree resolved","0","normal"
"2025-04-06 10:55:45","INFO: Build process completed","0","normal"
"2025-04-06 10:56:00","INFO: Deploying artifact to staging","0","normal"
"2025-04-06 10:57:15","INFO: Artifact deployed successfully","0","normal"
"2025-04-06 10:58:30","INFO: Smoke test passed","0","normal"
"2025-04-06 10:59:45","INFO: Deployment complete","0","normal"
"2025-04-06 11:00:00","INFO: Waiting for user feedback...","0","normal"
"2025-04-06 11:01:15","ERROR: Failed to load chunk 1234.js","1","react_render_error"
"2025-04-06 11:02:30","INFO: Chunk reloaded successfully","0","normal"
"2025-04-06 11:03:45","INFO: User interaction logged","0","normal"
"2025-04-06 11:04:00","INFO: Session duration: 12 minutes","0","normal"
"2025-04-06 11:05:15","INFO: Session ended gracefully","0","normal"
"2025-04-06 11:06:30","INFO: Idle timeout reached","0","normal"
"2025-04-06 11:07:45","INFO: Session expired","0","normal"
"2025-04-06 11:08:00","INFO: New session started","0","normal"
"2025-04-06 11:09:15","INFO: Authentication success","0","normal"
"2025-04-06 11:10:30","ERROR: Invalid credentials provided","1","api_call_failure"
"2025-04-06 11:11:45","INFO: Login attempt blocked","0","normal"
"2025-04-06 11:12:00","INFO: Security alert sent to admin","0","normal"
"2025-04-06 11:13:15","INFO: Account locked temporarily","0","normal"
"2025-04-06 11:14:30","INFO: Lock released after 10 minutes","0","normal"
"2025-04-06 11:15:45","INFO: Login successful","0","normal"
"2025-04-06 11:16:00","INFO: Session initialized","0","normal"
"2025-04-06 11:17:15","INFO: Dashboard loaded successfully","0","normal"
"2025-04-06 11:18:30","ERROR: Failed to render chart: invalid data format","1","react_render_error"
"2025-04-06 11:19:45","INFO: Data format corrected","0","normal"
"2025-04-06 11:20:00","INFO: Chart rendered successfully","0","normal"
"2025-04-06 11:21:15","INFO: User exported report","0","normal"
"2025-04-06 11:22:30","INFO: Export completed successfully","0","normal"
"2025-04-06 11:23:45","INFO: File saved as report_20250406.xlsx","0","normal"
"2025-04-06 11:24:00","INFO: Report emailed to finance team","0","normal"
"2025-04-06 11:25:15","INFO: Email delivered successfully","0","normal"
"2025-04-06 11:26:30","INFO: Archive job started","0","normal"
"2025-04-06 11:27:45","INFO: Compressing old reports...","0","normal"
"2025-04-06 11:28:00","INFO: Compression completed","0","normal"
"2025-04-06 11:29:15","INFO: Archived 5GB of data","0","normal"
"2025-04-06 11:30:30","INFO: Archive job completed successfully","0","normal"
"2025-04-06 11:31:45","INFO: Next archive scheduled for tomorrow","0","normal"
"2025-04-06 11:32:00","INFO: Backup system verified","0","normal"
"2025-04-06 11:33:15","INFO: Integrity check passed","0","normal"
"2025-04-06 11:34:30","INFO: Snapshot created successfully","0","normal"
"2025-04-06 11:35:45","INFO: Snapshot uploaded to S3 bucket","0","normal"
"2025-04-06 11:36:00","INFO: Upload completed in 2 minutes","0","normal"
"2025-04-06 11:37:15","INFO: Backup confirmation received","0","normal"
"2025-04-06 11:38:30","INFO: Backup retention policy applied","0","normal"
"2025-04-06 11:39:45","INFO: Old backups removed","0","normal"
"2025-04-06 11:40:00","INFO: Storage optimization complete","0","normal"
"2025-04-06 11:41:15","INFO: System summary generated","0","normal"
"2025-04-06 11:42:30","INFO: Summary saved to logs/summary_20250406.txt","0","normal"
"2025-04-06 11:43:45","INFO: Summary emailed to ops team","0","normal"
"2025-04-06 11:44:00","INFO: Weekend monitoring active","0","normal"
"2025-04-06 11:45:15","INFO: No anomalies detected so far","0","normal"
"2025-04-06 11:46:30","INFO: Running final checks...","0","normal"
"2025-04-06 11:47:45","INFO: Final checks passed","0","normal"
"2025-04-06 11:48:00","INFO: Weekend support agent shutting down","0","normal"
"2025-04-06 11:49:15","INFO: All processes terminated","0","normal"
"2025-04-06 11:50:30","INFO: Logs archived for review","0","normal"
"2025-04-06 11:51:45","INFO: Have a great weekend!","0","normal"
"2025-04-06 11:52:00","INFO: Weekend support agent restarted","0","normal"
"2025-04-06 11:53:15","INFO: Loading configuration from config.yaml","0","normal"
"2025-04-06 11:54:30","ERROR: Could not parse config file: invalid YAML","1","react_render_error"
"2025-04-06 11:55:45","INFO: Config syntax corrected","0","normal"
"2025-04-06 11:56:00","INFO: Configuration loaded successfully","0","normal"
"2025-04-06 11:57:15","INFO: Starting health check routine","0","normal"
"2025-04-06 11:58:30","INFO: Database connection OK","0","normal"
"2025-04-06 11:59:45","INFO: Cache service responding","0","normal"
"2025-04-06 12:00:00","INFO: API gateway active","0","normal"
"2025-04-06 12:01:15","INFO: Health check completed successfully","0","normal"
"2025-04-06 12:02:30","INFO: Running system diagnostics...","0","normal"
"2025-04-06 12:03:45","INFO: CPU usage within normal range","0","normal"
"2025-04-06 12:04:00","WARNING: Memory pressure detected","1","high_memory_usage"
"2025-04-06 12:05:15","INFO: Low-priority processes terminated","0","normal"
"2025-04-06 12:06:30","INFO: Memory pressure relieved","0","normal"
"2025-04-06 12:07:45","INFO: Disk I/O latency acceptable","0","normal"
"2025-04-06 12:08:00","INFO: Network connectivity verified","0","normal"
"2025-04-06 12:09:15","INFO: System diagnostics complete","0","normal"
"2025-04-06 12:10:30","INFO: Idle resource detection active","0","normal"
"2025-04-06 12:11:45","INFO: Identified unused pods in Kubernetes cluster","0","normal"
"2025-04-06 12:12:00","INFO: Terminating idle pods...","0","normal"
"2025-04-06 12:13:15","INFO: Pod termination successful","0","normal"
"2025-04-06 12:14:30","INFO: Cluster optimized for weekend load","0","normal"
"2025-04-06 12:15:45","INFO: Monitoring resumed","0","normal"
"2025-04-06 12:16:00","ERROR: Failed to write logs to disk","1","disk_full"
"2025-04-06 12:17:15","INFO: Log rotation triggered manually","0","normal"
"2025-04-06 12:18:30","INFO: Logs rotated and compressed","0","normal"
"2025-04-06 12:19:45","INFO: Disk space freed: 1.2GB","0","normal"
"2025-04-06 12:20:00","INFO: Logging resumed normally","0","normal"
"2025-04-06 12:21:15","INFO: React dev tools connected","0","normal"
"2025-04-06 12:22:30","ERROR: Invalid hook call in component","1","react_render_error"
"2025-04-06 12:23:45","INFO: Hook logic fixed","0","normal"
"2025-04-06 12:24:00","INFO: Component reloaded successfully","0","normal"
"2025-04-06 12:25:15","INFO: Developer console ready","0","normal"
"2025-04-06 12:26:30","INFO: Listening for debug commands...","0","normal"
"2025-04-06 12:27:45","INFO: Debug command received: 'show metrics'","0","normal"
"2025-04-06 12:28:00","INFO: Metrics displayed in console","0","normal"
"2025-04-06 12:29:15","INFO: Command execution complete","0","normal"
"2025-04-06 12:30:30","INFO: No new alerts received","0","normal"
"2025-04-06 12:31:45","INFO: Alerting system status: green","0","normal"
"2025-04-06 12:32:00","ERROR: PagerDuty webhook failed: 401 Unauthorized","1","api_call_failure"
"2025-04-06 12:33:15","INFO: Webhook credentials updated","0","normal"
"2025-04-06 12:34:30","INFO: Webhook test successful","0","normal"
"2025-04-06 12:35:45","INFO: Alerting system restored","0","normal"
"2025-04-06 12:36:00","INFO: Waiting for next alert...","0","normal"
"2025-04-06 12:37:15","INFO: New alert received: High CPU usage","0","normal"
"2025-04-06 12:38:30","INFO: Alert source: AWS CloudWatch","0","normal"
"2025-04-06 12:39:45","INFO: Alert severity: Medium","0","normal"
"2025-04-06 12:40:00","INFO: Alert acknowledged by system","0","normal"
"2025-04-06 12:41:15","INFO: Incident ID generated: INC-45678","0","normal"
"2025-04-06 12:42:30","INFO: Jira ticket created: APPTIO-1234","0","normal"
"2025-04-06 12:43:45","INFO: Ticket assigned to on-call engineer","0","normal"
"2025-04-06 12:44:00","INFO: On-call engineer notified via Slack","0","normal"
"2025-04-06 12:45:15","INFO: Incident under review","0","normal"
"2025-04-06 12:46:30","INFO: Resolution notes added to ticket","0","normal"
"2025-04-06 12:47:45","INFO: Incident marked as resolved","0","normal"
"2025-04-06 12:48:00","INFO: Post-mortem analysis started","0","normal"
"2025-04-06 12:49:15","INFO: Root cause identified: Auto-scaling misconfigured","0","normal"
"2025-04-06 12:50:30","INFO: Fix applied and verified","0","normal"
"2025-04-06 12:51:45","INFO: Post-mortem report saved","0","normal"
"2025-04-06 12:52:00","INFO: Incident closed","0","normal"
"2025-04-06 12:53:15","INFO: Returning to monitoring mode","0","normal"
"2025-04-06 12:54:30","INFO: No active incidents","0","normal"
"2025-04-06 12:55:45","INFO: Weekend operations stable","0","normal"
"2025-04-06 12:56:00","INFO: System performance optimal","0","normal"
"2025-04-06 12:57:15","INFO: All services healthy","0","normal"
"2025-04-06 12:58:30","INFO: Monitoring continues...","0","normal"
"2025-04-06 12:59:45","INFO: Have a great weekend!","0","normal"
"2025-04-06 13:00:00","INFO: Weekend support agent online","0","normal"
"2025-04-06 13:01:15","INFO: Watching for anomalies...","0","normal"
"2025-04-06 13:02:30","INFO: Alerting system initialized","0","normal"
"2025-04-06 13:03:45","INFO: All systems nominal","0","normal"
"2025-04-06 13:04:00","ERROR: Unexpected EOF during stream read","1","api_call_failure"
"2025-04-06 13:05:15","INFO: Stream closed gracefully","0","normal"
"2025-04-06 13:06:30","INFO: Logging metrics to Prometheus","0","normal"
"2025-04-06 13:07:45","INFO: Metrics published successfully","0","normal"
"2025-04-06 13:08:00","ERROR: Unable to resolve DNS name","1","db_connection_error"
"2025-04-06 13:09:15","INFO: DNS resolution restored","0","normal"
"2025-04-06 13:10:30","INFO: Service discovery updated","0","normal"
"2025-04-06 13:11:45","INFO: Auto-scaling policy updated","0","normal"
"2025-04-06 13:12:00","INFO: Configuration reload complete","0","normal"
"2025-04-06 13:13:15","INFO: Graceful shutdown initiated","0","normal"
"2025-04-06 13:14:30","INFO: All processes terminated","0","normal"
"2025-04-06 13:15:45","INFO: Weekend monitoring paused","0","normal"
"2025-04-06 13:16:00","INFO: Ready for next shift","0","normal"
"2025-04-06 13:17:15","INFO: Weekend monitoring resumed","0","normal"
"2025-04-06 13:18:30","ERROR: Failed to fetch data from upstream service","1","api_call_failure"
"2025-04-06 13:19:45","INFO: Retrying request...","0","normal"
"2025-04-06 13:21:15","INFO: Processing batch records...","0","normal"
"2025-04-06 13:22:30","ERROR: Cannot read property 'length' of undefined","1","react_render_error"
"2025-04-06 13:23:45","INFO: Component updated successfully","0","normal"
"2025-04-06 13:24:00","INFO: UI update pushed to browser","0","normal"
"2025-04-06 13:25:15","INFO: Hot module replacement enabled","0","normal"
"2025-04-06 13:26:30","INFO: React dev server restarted","0","normal"
"2025-04-06 13:27:45","INFO: Build process completed","0","normal"
"2025-04-06 13:28:00","INFO: Deployment artifact generated","0","normal"
"2025-04-06 13:29:15","INFO: Artifact deployed to staging","0","normal"
"2025-04-06 13:30:30","INFO: Smoke test passed","0","normal"
"2025-04-06 13:31:45","INFO: Deployment complete","0","normal"
"2025-04-06 13:32:00","INFO: Waiting for user feedback...","0","normal"
"2025-04-06 13:33:15","ERROR: Failed to load chunk 1234.js","1","react_render_error"
"2025-04-06 13:34:30","INFO: Chunk reloaded successfully","0","normal"
"2025-04-06 13:35:45","INFO: User interaction logged","0","normal"
"2025-04-06 13:36:00","INFO: Session duration: 12 minutes","0","normal"
"2025-04-06 13:37:15","INFO: Session ended gracefully","0","normal"
"2025-04-06 13:38:30","INFO: Idle timeout reached","0","normal"
"2025-04-06 13:39:45","INFO: Session expired","0","normal"
"2025-04-06 13:40:00","INFO: New session started","0","normal"
"2025-04-06 13:41:15","INFO: Authentication success","0","normal"
"2025-04-06 13:42:30","ERROR: Invalid credentials provided","1","api_call_failure"
"2025-04-06 13:43:45","INFO: Login attempt blocked","0","normal"
"2025-04-06 13:44:00","INFO: Security alert sent to admin","0","normal"
"2025-04-06 13:45:15","INFO: Account locked temporarily","0","normal"
"2025-04-06 13:46:30","INFO: Lock released after 10 minutes","0","normal"
"2025-04-06 13:47:45","INFO: Login successful","0","normal"
"2025-04-06 13:48:00","INFO: Session initialized","0","normal"
"2025-04-06 13:49:15","INFO: Dashboard loaded successfully","0","normal"
"2025-04-06 13:50:30","ERROR: Failed to render chart: invalid data format","1","react_render_error"
"2025-04-06 13:51:45","INFO: Data format corrected","0","normal"
"2025-04-06 13:52:00","INFO: Chart rendered successfully","0","normal"
"2025-04-06 13:53:15","INFO: User exported report","0","normal"
"2025-04-06 13:54:30","INFO: Export completed successfully","0","normal"
"2025-04-06 13:55:45","INFO: File saved as report_20250406.xlsx","0","normal"
"2025-04-06 13:56:00","INFO: Report emailed to finance team","0","normal"
"2025-04-06 13:57:15","INFO: Email delivered successfully","0","normal"
"2025-04-06 08:00:00","Starting batch job",0,normal
"2025-04-06 08:01:15","Connecting to PostgreSQL database...",0,normal
"2025-04-06 08:02:30","Fetched 1000 records successfully",0,normal
"2025-04-06 08:03:45","Transforming cost data...",0,normal
"2025-04-06 08:04:30","WARN: Memory usage at 75%",1,high_memory_usage
"2025-04-06 08:05:10","ERROR: Failed to connect to PostgreSQL database",1,db_connection_error
"2025-04-06 08:06:00","Retrying connection in 10 seconds...",0,normal
"2025-04-06 08:07:15","Connected successfully after retry",0,normal
"2025-04-06 08:08:00","Loaded transformed data into warehouse",0,normal
"2025-04-06 08:09:30","Disk usage at 98%",1,disk_full
"2025-04-06 08:10:15","INFO: Cache cleared successfully",0,normal
"2025-04-06 08:11:00","API call returned status code 200",0,normal
"2025-04-06 08:12:30","ERROR: TypeError: Cannot read property 'map' of undefined",1,react_render_error
"2025-04-06 08:13:45","React component rendered successfully",0,normal
"2025-04-06 08:14:00","Job completed in 14 minutes",0,normal
"2025-04-06 08:15:15","Starting new pipeline: billing_data_pipeline",0,normal
"2025-04-06 08:16:00","Fetching data from Azure API",0,normal
"2025-04-06 08:17:30","ERROR: Timeout exceeded while fetching data",1,timeout_error
"2025-04-06 08:18:45","INFO: System idle, no active jobs",0,normal
"2025-04-06 08:19:30","WARNING: High GC pause detected",1,high_memory_usage
"2025-04-06 08:20:00","API call failed with error: 502 Bad Gateway",1,api_call_failure
"2025-04-06 08:21:15","INFO: Retrying failed API call...",0,normal
"2025-04-06 08:22:30","Successfully fetched data after retry",0,normal
"2025-04-06 08:23:45","INFO: Writing data to HDFS node hdfs-node-03",0,normal
"2025-04-06 08:24:00","ERROR: Write failed - No space left on device",1,disk_full
"2025-04-06 08:25:15","INFO: Archiving old logs to free up space",0,normal
"2025-04-06 08:26:30","INFO: Disk usage reduced to 82%",0,normal
"2025-04-06 08:27:45","INFO: Data successfully written to HDFS",0,normal
"2025-04-06 08:28:00","INFO: Starting validation checks...",0,normal
"2025-04-06 08:29:15","INFO: Validation passed for all records",0,normal
"2025-04-06 08:30:30","INFO: Job completed successfully",0,normal
"2025-04-06 08:31:45","INFO: Next job scheduled for 12:00 AM",0,normal
"2025-04-06 08:32:00","ERROR: Connection refused by Redis server",1,db_connection_error
"2025-04-06 08:33:15","INFO: Attempting reconnect...",0,normal
"2025-04-06 08:34:30","INFO: Reconnected successfully",0,normal