timestamp,source,message,error_type,label
2025-05-16T12:01:42Z,frontend,User clicked submit button,,0
2025-05-16T12:11:42Z,backend,GET /home 200 OK,,0
2025-05-16T12:21:42Z,frontend,Uncaught ReferenceError: myFunction is not defined,ReferenceError,1
2025-05-16T12:31:42Z,frontend,ValidationError: Email format is invalid,ValidationError,1
2025-05-16T12:41:42Z,backend,Request processed in 120ms,,0
2025-05-16T12:51:42Z,frontend,Rendering homepage completed,,0
2025-05-16T13:01:42Z,backend,MemoryError: Unable to allocate 2GB of memory,MemoryError,1
2025-05-16T13:11:42Z,backend,POST /login successful,,0
2025-05-16T13:21:42Z,frontend,CSS loaded successfully,,0
2025-05-16T13:31:42Z,backend,TypeError: 'NoneType' object is not subscriptable,TypeError,1
2025-05-16T13:41:42Z,frontend,User clicked submit button,,0
2025-05-16T13:51:42Z,backend,NetworkError when attempting to fetch resource,NetworkError,1
2025-05-16T14:01:42Z,frontend,JS loaded without errors,,0
2025-05-16T14:11:42Z,backend,GET /home 200 OK,,0
2025-05-16T14:21:42Z,frontend,Uncaught ReferenceError: myFunction is not defined,ReferenceError,1
2025-05-16T14:31:42Z,frontend,Request processed in 120ms,,0
2025-05-16T14:41:42Z,backend,TimeoutError: Request timed out after 30 seconds,TimeoutError,1
2025-05-16T14:51:42Z,backend,DatabaseError: Deadlock found when trying to get lock,DatabaseError,1
2025-05-16T15:01:42Z,frontend,Rendering homepage completed,,0
2025-05-16T15:11:42Z,backend,GET /login 200 OK,,0
2025-05-16T15:21:42Z,frontend,ValidationError: Email format is invalid,ValidationError,1
2025-05-16T15:31:42Z,backend,Cache hit for user profile,,0
2025-05-16T15:41:42Z,frontend,NetworkError when attempting to fetch resource,NetworkError,1
2025-05-16T15:51:42Z,backend,POST /submit-form 200 OK,,0
2025-05-16T16:01:42Z,frontend,CSS loaded successfully,,0
2025-05-16T16:11:42Z,backend,MemoryError: Unable to allocate 2GB of memory,MemoryError,1
2025-05-16T16:21:42Z,frontend,User clicked submit button,,0
2025-05-16T16:31:42Z,backend,TypeError: 'NoneType' object is not subscriptable,TypeError,1
2025-05-16T16:41:42Z,frontend,JS loaded without errors,,0
2025-05-16T16:51:42Z,backend,Uncaught ReferenceError: myFunction is not defined,ReferenceError,1
2025-05-16T17:01:42Z,frontend,Rendering homepage completed,,0
2025-05-16T17:11:42Z,backend,GET /home 200 OK,,0
2025-05-16T17:21:42Z,frontend,Request processed in 120ms,,0
2025-05-16T17:31:42Z,backend,DatabaseError: Deadlock found when trying to get lock,DatabaseError,1
2025-05-16T17:41:42Z,frontend,User clicked submit button,,0
2025-05-16T17:51:42Z,backend,TimeoutError: Request timed out after 30 seconds,TimeoutError,1
2025-05-16T18:01:42Z,frontend,JS loaded without errors,,0
2025-05-16T18:11:42Z,backend,NetworkError when attempting to fetch resource,NetworkError,1
2025-05-16T18:21:42Z,frontend,CSS loaded successfully,,0
2025-05-16T18:31:42Z,backend,GET /login 200 OK,,0
2025-05-16T18:41:42Z,frontend,Uncaught ReferenceError: myFunction is not defined,ReferenceError,1
2025-05-16T18:51:42Z,backend,POST /submit-form 200 OK,,0
2025-05-16T19:01:42Z,frontend,User clicked submit button,,0
2025-05-16T19:11:42Z,backend,TypeError: 'NoneType' object is not subscriptable,TypeError,1
2025-05-16T19:21:42Z,frontend,Rendering homepage completed,,0
2025-05-16T19:31:42Z,backend,MemoryError: Unable to allocate 2GB of memory,MemoryError,1
2025-05-16T19:41:42Z,frontend,Request processed in 120ms,,0
2025-05-16T19:51:42Z,backend,Cache hit for user profile,,0
2025-05-16T20:01:42Z,frontend,NetworkError when attempting to fetch resource,NetworkError,1
2025-05-16T20:11:42Z,backend,GET /home 200 OK,,0
2025-05-16T20:21:42Z,frontend,JS loaded without errors,,0
2025-05-16T20:31:42Z,backend,DatabaseError: Deadlock found when trying to get lock,DatabaseError,1
2025-05-16T20:41:42Z,frontend,User clicked submit button,,0
2025-05-16T20:51:42Z,backend,TimeoutError: Request timed out after 30 seconds,TimeoutError,1
2025-05-16T21:01:42Z,frontend,CSS loaded successfully,,0
2025-05-16T21:11:42Z,backend,Uncaught ReferenceError: myFunction is not defined,ReferenceError,1
2025-05-16T21:21:42Z,frontend,Rendering homepage completed,,0
2025-05-16T21:31:42Z,backend,POST /login successful,,0
2025-05-16T21:41:42Z,frontend,NetworkError when attempting to fetch resource,NetworkError,1
2025-05-16T21:51:42Z,backend,GET /home 200 OK,,0
2025-05-16T22:01:42Z,frontend,User clicked submit button,,0
2025-05-16T22:11:42Z,backend,TypeError: 'NoneType' object is not subscriptable,TypeError,1
2025-05-16T22:21:42Z,frontend,JS loaded without errors,,0
2025-05-16T22:31:42Z,backend,MemoryError: Unable to allocate 2GB of memory,MemoryError,1
2025-05-16T22:41:42Z,frontend,Request processed in 120ms,,0
2025-05-16T22:51:42Z,backend,Cache hit for user profile,,0
2025-05-16T23:01:42Z,frontend,ValidationError: Email format is invalid,ValidationError,1
2025-05-16T23:11:42Z,backend,NetworkError when attempting to fetch resource,NetworkError,1
2025-05-16T23:21:42Z,frontend,User clicked submit button,,0
2025-05-16T23:31:42Z,backend,POST /submit-form 200 OK,,0
2025-05-16T23:41:42Z,frontend,CSS loaded successfully,,0
2025-05-16T23:51:42Z,backend,TimeoutError: Request timed out after 30 seconds,TimeoutError,1
2025-05-17T00:01:42Z,frontend,Rendering homepage completed,,0
2025-05-17T00:11:42Z,backend,GET /home 200 OK,,0
2025-05-17T00:21:42Z,frontend,Uncaught ReferenceError: myFunction is not defined,ReferenceError,1
2025-05-17T00:31:42Z,backend,TypeError: 'NoneType' object is not subscriptable,TypeError,1
2025-05-17T00:41:42Z,frontend,Request processed in 120ms,,0
2025-05-17T00:51:42Z,backend,DatabaseError: Deadlock found when trying to get lock,DatabaseError,1
2025-05-17T01:01:42Z,frontend,User clicked submit button,,0
2025-05-17T01:11:42Z,backend,MemoryError: Unable to allocate 2GB of memory,MemoryError,1
2025-05-17T01:21:42Z,frontend,JS loaded without errors,,0
2025-05-17T01:31:42Z,backend,NetworkError when attempting to fetch resource,NetworkError,1
2025-05-17T01:41:42Z,frontend,CSS loaded successfully,,0
2025-05-17T01:51:42Z,backend,POST /login successful,,0
2025-05-17T02:01:42Z,frontend,User clicked submit button,,0
2025-05-17T02:11:42Z,backend,TimeoutError: Request timed out after 30 seconds,TimeoutError,1
2025-05-17T02:21:42Z,frontend,Rendering homepage completed,,0
2025-05-17T02:31:42Z,backend,GET /home 200 OK,,0
2025-05-17T02:41:42Z,frontend,Uncaught ReferenceError: myFunction is not defined,ReferenceError,1
2025-05-17T03:01:42Z,frontend,User logged out successfully,,0
2025-05-17T03:11:42Z,backend,POST /upload completed with status 201,,0
2025-05-17T03:21:42Z,frontend,TypeError: Cannot read property 'length' of undefined,TypeError,1
2025-05-17T03:31:42Z,backend,ConnectionError: Database connection lost,ConnectionError,1
2025-05-17T03:41:42Z,frontend,Page loaded in 350ms,,0
2025-05-17T03:51:42Z,backend,ValidationError: Password does not meet criteria,ValidationError,1
2025-05-17T04:01:42Z,frontend,AJAX request sent,,0
2025-05-17T04:11:42Z,backend,DatabaseError: Unique constraint violated,DatabaseError,1
2025-05-17T04:21:42Z,frontend,NetworkError: Failed to fetch resource due to CORS,NetworkError,1
2025-05-17T04:31:42Z,backend,GET /dashboard 200 OK,,0
2025-05-17T04:41:42Z,frontend,User clicked 'Help' button,,0
2025-05-17T04:51:42Z,backend,TimeoutError: External API response timed out,TimeoutError,1
2025-05-17T05:01:42Z,frontend,JS script loaded,,0
2025-05-17T05:11:42Z,backend,MemoryError: Java heap space exceeded,MemoryError,1
2025-05-17T05:21:42Z,frontend,Rendering footer section completed,,0
2025-05-17T05:31:42Z,backend,RouteNotFound: No route matches GET /unknown,RouteNotFound,1
2025-05-17T05:41:42Z,frontend,CSS applied successfully,,0
2025-05-17T05:51:42Z,backend,POST /data 500 Internal Server Error,ServerError,1
2025-05-17T06:01:42Z,frontend,User profile updated,,0
2025-05-17T06:11:42Z,backend,DatabaseError: Foreign key constraint fails,DatabaseError,1
2025-05-17T06:21:42Z,frontend,AJAX response received,,0
2025-05-17T06:31:42Z,backend,NetworkError: SSL certificate error,NetworkError,1
2025-05-17T06:41:42Z,frontend,User clicked 'Submit' button,,0
2025-05-17T06:51:42Z,backend,TypeError: Cannot set property 'value' of null,TypeError,1
2025-05-17T07:01:42Z,frontend,Page scroll event triggered,,0
2025-05-17T07:11:42Z,backend,ConnectionError: Failed to reconnect to server,ConnectionError,1
2025-05-17T07:21:42Z,frontend,User session started,,0
2025-05-17T07:31:42Z,backend,TimeoutError: Database query timed out,TimeoutError,1
2025-05-17T07:41:42Z,frontend,Resource loaded from cache,,0
2025-05-17T07:51:42Z,backend,ValidationError: Required field missing,ValidationError,1
2025-05-17T08:01:42Z,frontend,JS event listener attached,,0
2025-05-17T08:11:42Z,backend,RouteNotFound: POST /api/undefined,RouteNotFound,1
2025-05-17T08:21:42Z,frontend,User clicked 'Logout' button,,0
2025-05-17T08:31:42Z,backend,DatabaseError: Deadlock detected,DatabaseError,1
2025-05-17T08:41:42Z,frontend,CSS fallback loaded,,0
2025-05-17T08:51:42Z,backend,NetworkError: DNS lookup failed,NetworkError,1
2025-05-17T09:01:42Z,frontend,Form validation passed,,0
2025-05-17T09:11:42Z,backend,MemoryError: Out of native memory,MemoryError,1
2025-05-17T09:21:42Z,frontend,JS animation completed,,0
2025-05-17T09:31:42Z,backend,ConnectionError: Socket closed unexpectedly,ConnectionError,1
2025-05-17T09:41:42Z,frontend,Page title set to 'Dashboard',,0
2025-05-17T09:51:42Z,backend,TimeoutError: Service unavailable after retry,TimeoutError,1
2025-05-17T10:01:42Z,frontend,User profile picture uploaded,,0
2025-05-17T10:11:42Z,backend,TypeError: Cannot read property 'map' of undefined,TypeError,1
2025-05-17T10:21:42Z,frontend,AJAX request aborted,,0
2025-05-17T10:31:42Z,backend,DatabaseError: Query syntax error,DatabaseError,1
2025-05-17T10:41:42Z,frontend,User input saved,,0
2025-05-17T10:51:42Z,backend,RouteNotFound: DELETE /api/item/123,RouteNotFound,1
2025-05-17T11:01:42Z,frontend,Form reset successfully,,0
2025-05-17T11:11:42Z,backend,NetworkError: Proxy server refused connection,NetworkError,1
2025-05-17T11:21:42Z,frontend,JS minified file loaded,,0
2025-05-17T11:31:42Z,backend,ValidationError: Input string too long,ValidationError,1
2025-05-17T11:41:42Z,frontend,User accepted terms and conditions,,0
2025-05-17T11:51:42Z,backend,MemoryError: Insufficient memory for buffer allocation,MemoryError,1
2025-05-17T12:01:42Z,frontend,Page transition completed,,0
2025-05-17T12:11:42Z,backend,ConnectionError: Network unreachable,ConnectionError,1
2025-05-17T12:21:42Z,frontend,AJAX response parsed successfully,,0
2025-05-17T12:31:42Z,backend,TimeoutError: Read operation timed out,TimeoutError,1
2025-05-17T12:41:42Z,frontend,User clicked 'Refresh' button,,0
2025-05-17T12:51:42Z,backend,DatabaseError: Duplicate entry for key 'PRIMARY',DatabaseError,1
2025-05-17T13:01:42Z,frontend,JS event triggered,,0
2025-05-17T13:11:42Z,backend,RouteNotFound: PATCH /api/user,RouteNotFound,1
2025-05-17T13:21:42Z,frontend,Form input validated,,0
2025-05-17T13:31:42Z,backend,NetworkError: Connection reset by peer,NetworkError,1
2025-05-17T13:41:42Z,frontend,User scrolled page down,,0
2025-05-17T13:51:42Z,backend,ValidationError: Invalid date format,ValidationError,1
2025-05-17T14:01:42Z,frontend,JS script initialized,,0
2025-05-17T14:11:42Z,backend,MemoryError: Heap corruption detected,MemoryError,1
2025-05-17T14:21:42Z,frontend,User session expired,,0
2025-05-17T14:31:42Z,backend,ConnectionError: TLS handshake failed,ConnectionError,1
2025-05-17T14:41:42Z,frontend,Page footer loaded,,0
2025-05-17T14:51:42Z,backend,TimeoutError: Gateway timeout,TimeoutError,1
2025-05-17T15:01:42Z,frontend,User settings saved,,0
2025-05-17T15:11:42Z,backend,TypeError: Cannot call method 'split' of undefined,TypeError,1
2025-05-17T15:21:42Z,frontend,AJAX data sent,,0
2025-05-17T15:31:42Z,backend,DatabaseError: Transaction rollback failed,DatabaseError,1
2025-05-17T15:41:42Z,frontend,User clicked 'Cancel' button,,0
2025-05-17T15:51:42Z,backend,RouteNotFound: OPTIONS /api/options,RouteNotFound,1
2025-05-17T16:01:42Z,frontend,CSS animations started,,0
2025-05-17T16:11:42Z,backend,NetworkError: Host unreachable,NetworkError,1
2025-05-17T16:21:42Z,frontend,User clicked 'Download' button,,0
2025-05-17T16:31:42Z,backend,MemoryError: Stack overflow,MemoryError,1
2025-05-17T16:41:42Z,frontend,Page content loaded,,0
2025-05-17T16:51:42Z,backend,ConnectionError: Broken pipe,ConnectionError,1
2025-05-17T17:01:42Z,frontend,Form submission started,,0
2025-05-17T17:11:42Z,backend,TimeoutError: Service did not respond,TimeoutError,1
2025-05-18T01:00:00Z,frontend,Button clicked successfully,,0
2025-05-18T01:05:00Z,backend,POST /login 200 OK,,0
2025-05-18T01:10:00Z,frontend,ReferenceError: event is not defined,ReferenceError,1
2025-05-18T01:15:00Z,backend,DatabaseError: Syntax error in SQL query,DatabaseError,1
2025-05-18T01:20:00Z,frontend,CSS file failed to load,NetworkError,1
2025-05-18T01:25:00Z,backend,TimeoutError: Request timed out after 5000ms,TimeoutError,1
2025-05-18T01:30:00Z,frontend,Form submitted successfully,,0
2025-05-18T01:35:00Z,backend,ConnectionError: Unable to connect to Redis,ConnectionError,1
2025-05-18T01:40:00Z,frontend,User profile picture updated,,0
2025-05-18T01:45:00Z,backend,ValidationError: Email address is invalid,ValidationError,1
2025-05-18T01:50:00Z,frontend,Page rendered in 150ms,,0
2025-05-18T01:55:00Z,backend,RouteNotFound: No route matches GET /api/unknown,RouteNotFound,1
2025-05-18T02:00:00Z,frontend,AJAX request initiated,,0
2025-05-18T02:05:00Z,backend,ServerError: Null pointer exception in controller,ServerError,1
2025-05-18T02:10:00Z,frontend,JavaScript file loaded successfully,,0
2025-05-18T02:15:00Z,backend,MemoryError: Out of heap memory,MemoryError,1
2025-05-18T02:20:00Z,frontend,CSS animations triggered,,0
2025-05-18T02:25:00Z,backend,DatabaseError: Deadlock detected during transaction,DatabaseError,1
2025-05-18T02:30:00Z,frontend,User logged in,,0
2025-05-18T02:35:00Z,backend,NetworkError: DNS resolution failed,NetworkError,1
2025-05-18T02:40:00Z,frontend,JS event listener attached,,0
2025-05-18T02:45:00Z,backend,TimeoutError: External API call timed out,TimeoutError,1
2025-05-18T02:50:00Z,frontend,User clicked 'Save' button,,0
2025-05-18T02:55:00Z,backend,ConnectionError: Broken connection to database,ConnectionError,1
2025-05-18T03:00:00Z,frontend,Form input validated,,0
2025-05-18T03:05:00Z,backend,ValidationError: Missing required field 'username',ValidationError,1
2025-05-18T03:10:00Z,frontend,Page scroll event detected,,0
2025-05-18T03:15:00Z,backend,RouteNotFound: DELETE /api/item/999,RouteNotFound,1
2025-05-18T03:20:00Z,frontend,AJAX response received,,0
2025-05-18T03:25:00Z,backend,MemoryError: Buffer overflow detected,MemoryError,1
2025-05-18T03:30:00Z,frontend,JS animation completed,,0
2025-05-18T03:35:00Z,backend,ServerError: Index out of range exception,ServerError,1
2025-05-18T03:40:00Z,frontend,User logged out,,0
2025-05-18T03:45:00Z,backend,DatabaseError: Foreign key constraint violation,DatabaseError,1
2025-05-18T03:50:00Z,frontend,CSS stylesheet applied,,0
2025-05-18T03:55:00Z,backend,NetworkError: SSL certificate expired,NetworkError,1
2025-05-18T04:00:00Z,frontend,Form reset successfully,,0
2025-05-18T04:05:00Z,backend,TimeoutError: Database query timed out,TimeoutError,1
2025-05-18T04:10:00Z,frontend,User clicked 'Refresh' button,,0
2025-05-18T04:15:00Z,backend,ConnectionError: TCP connection reset,ConnectionError,1
2025-05-18T04:20:00Z,frontend,JS event triggered,,0
2025-05-18T04:25:00Z,backend,RouteNotFound: PUT /api/update,RouteNotFound,1
2025-05-18T04:30:00Z,frontend,AJAX request aborted,,0
2025-05-18T04:35:00Z,backend,MemoryError: Stack overflow detected,MemoryError,1
2025-05-18T04:40:00Z,frontend,Page content loaded,,0
2025-05-18T04:45:00Z,backend,ValidationError: Invalid input format,ValidationError,1
2025-05-18T04:50:00Z,frontend,User profile updated,,0
2025-05-18T04:55:00Z,backend,NetworkError: Host unreachable,NetworkError,1
2025-05-18T05:00:00Z,frontend,JS script initialized,,0
2025-05-18T05:05:00Z,backend,ServerError: Unhandled exception caught,ServerError,1
2025-05-18T05:10:00Z,frontend,User accepted terms and conditions,,0
2025-05-18T05:15:00Z,backend,DatabaseError: Transaction rollback failed,DatabaseError,1
2025-05-18T05:20:00Z,frontend,User session started,,0
2025-05-18T05:25:00Z,backend,TimeoutError: Service unavailable,TimeoutError,1
2025-05-18T05:30:00Z,frontend,Page title set to 'Settings',,0
2025-05-18T05:35:00Z,backend,ConnectionError: TLS handshake failed,ConnectionError,1
2025-05-18T05:40:00Z,frontend,User clicked 'Download' button,,0
2025-05-18T05:45:00Z,backend,RouteNotFound: HEAD /api/status,RouteNotFound,1
2025-05-18T05:50:00Z,frontend,Form submission started,,0
2025-05-18T05:55:00Z,backend,MemoryError: Insufficient memory for allocation,MemoryError,1
2025-05-18T06:00:00Z,frontend,AJAX data sent,,0
2025-05-18T06:05:00Z,backend,ValidationError: Date format incorrect,ValidationError,1
2025-05-18T06:10:00Z,frontend,User clicked 'Cancel' button,,0
2025-05-18T06:15:00Z,backend,NetworkError: Proxy server refused connection,NetworkError,1
2025-05-18T06:20:00Z,frontend,JS minified file loaded,,0
2025-05-18T06:25:00Z,backend,ServerError: Null reference exception,ServerError,1
2025-05-18T06:30:00Z,frontend,User input saved,,0
2025-05-18T06:35:00Z,backend,RouteNotFound: GET /api/invalid,RouteNotFound,1
2025-05-18T06:40:00Z,frontend,Page footer loaded,,0
2025-05-18T06:45:00Z,backend,ConnectionError: Broken pipe,ConnectionError,1
2025-05-18T06:50:00Z,frontend,Form validation passed,,0
2025-05-18T06:55:00Z,backend,TimeoutError: Gateway timeout,TimeoutError,1
2025-05-18T07:00:00Z,frontend,JS animation started,,0
2025-05-18T07:05:00Z,backend,MemoryError: Heap corruption detected,MemoryError,1
2025-05-18T07:10:00Z,frontend,User session expired,,0
2025-05-18T07:15:00Z,backend,DatabaseError: Duplicate entry error,DatabaseError,1
2025-05-18T07:20:00Z,frontend,AJAX response parsed successfully,,0
2025-05-18T07:25:00Z,backend,NetworkError: Connection reset by peer,NetworkError,1
2025-05-18T07:30:00Z,frontend,User clicked 'Help' button,,0
2025-05-18T07:35:00Z,backend,ValidationError: Required field 'password' missing,ValidationError,1
2025-05-18T07:40:00Z,frontend,Page scroll event triggered,,0
2025-05-18T07:45:00Z,backend,ServerError: Array index out of bounds,ServerError,1
2025-05-18T07:50:00Z,frontend,JS event listener attached,,0
2025-05-18T07:55:00Z,backend,ConnectionError: Network unreachable,ConnectionError,1
2025-05-18T08:00:00Z,frontend,User profile picture uploaded,,0
2025-05-18T08:05:00Z,backend,TimeoutError: Read operation timed out,TimeoutError,1
2025-05-18T08:10:00Z,frontend,AJAX request sent,,0
2025-05-18T08:15:00Z,backend,RouteNotFound: POST /api/create,RouteNotFound,1
2025-05-18T08:20:00Z,frontend,User clicked 'Submit' button,,0
2025-05-18T08:25:00Z,backend,MemoryError: Out of native memory,MemoryError,1
2025-05-18T08:30:00Z,frontend,Page loaded in 300ms,,0
2025-05-18T08:35:00Z,backend,ValidationError: Invalid JSON format,ValidationError,1
2025-05-18T08:40:00Z,frontend,Button hover event detected,,0
2025-05-18T08:45:00Z,backend,DatabaseError: Unable to acquire lock,DatabaseError,1
2025-05-18T08:50:00Z,frontend,JavaScript loaded with warnings,,0
2025-05-18T08:55:00Z,backend,ServerError: Failed to serialize response,ServerError,1
2025-05-18T09:00:00Z,frontend,User logged in successfully,,0
2025-05-18T09:05:00Z,backend,TimeoutError: External service did not respond,TimeoutError,1
2025-05-18T09:10:00Z,frontend,CSS parsing error detected,CSSParseError,1
2025-05-18T09:15:00Z,backend,ValidationError: Password too weak,ValidationError,1
2025-05-18T09:20:00Z,frontend,Image loaded successfully,,0
2025-05-18T09:25:00Z,backend,ConnectionError: Database connection refused,ConnectionError,1
2025-05-18T09:30:00Z,frontend,User clicked 'Edit Profile' button,,0
2025-05-18T09:35:00Z,backend,RouteNotFound: PATCH /api/user/123,RouteNotFound,1
2025-05-18T09:40:00Z,frontend,Form cleared by user,,0
2025-05-18T09:45:00Z,backend,MemoryError: Unable to allocate buffer,MemoryError,1
2025-05-18T09:50:00Z,frontend,Modal popup opened,,0
2025-05-18T09:55:00Z,backend,NetworkError: Connection timeout,NetworkError,1
2025-05-18T10:00:00Z,frontend,Page rendered without errors,,0
2025-05-18T10:05:00Z,backend,DatabaseError: Table does not exist,DatabaseError,1
2025-05-18T10:10:00Z,frontend,AJAX call returned 404,,1
2025-05-18T10:15:00Z,backend,ServerError: Null reference exception,ServerError,1
2025-05-18T10:20:00Z,frontend,User accepted cookie policy,,0
2025-05-18T10:25:00Z,backend,TimeoutError: Request exceeded time limit,TimeoutError,1
2025-05-18T10:30:00Z,frontend,JavaScript file minified,,0
2025-05-18T10:35:00Z,backend,ValidationError: Invalid date input,ValidationError,1
2025-05-18T10:40:00Z,frontend,User profile saved,,0
2025-05-18T10:45:00Z,backend,ConnectionError: Remote host unreachable,ConnectionError,1
2025-05-18T10:50:00Z,frontend,Form submission successful,,0
2025-05-18T10:55:00Z,backend,RouteNotFound: OPTIONS /api/options,RouteNotFound,1
2025-05-18T11:00:00Z,frontend,Button disabled after click,,0
2025-05-18T11:05:00Z,backend,MemoryError: Heap exhausted,MemoryError,1
2025-05-18T11:10:00Z,frontend,Tooltip displayed,,0
2025-05-18T11:15:00Z,backend,ServerError: Out of bounds array access,ServerError,1
2025-05-18T11:20:00Z,frontend,User logged out,,0
2025-05-18T11:25:00Z,backend,DatabaseError: Constraint violation,DatabaseError,1
2025-05-18T11:30:00Z,frontend,CSS file cached,,0
2025-05-18T11:35:00Z,backend,NetworkError: Packet loss detected,NetworkError,1
2025-05-18T11:40:00Z,frontend,Form reset button clicked,,0
2025-05-18T11:45:00Z,backend,TimeoutError: Backend service unavailable,TimeoutError,1
2025-05-18T11:50:00Z,frontend,User clicked 'Cancel' on modal,,0
2025-05-18T11:55:00Z,backend,ConnectionError: SSL handshake failed,ConnectionError,1
2025-05-18T12:00:00Z,frontend,Page scroll triggered,,0
2025-05-18T12:05:00Z,backend,RouteNotFound: GET /api/404,RouteNotFound,1
2025-05-18T12:10:00Z,frontend,AJAX call successful,,0
2025-05-18T12:15:00Z,backend,MemoryError: Out of stack space,MemoryError,1
2025-05-18T12:20:00Z,frontend,JS event listener attached,,0
2025-05-18T12:25:00Z,backend,ValidationError: Missing field in JSON,ValidationError,1
2025-05-18T12:30:00Z,frontend,User updated preferences,,0
2025-05-18T12:35:00Z,backend,ServerError: Database deadlock detected,ServerError,1
2025-05-18T12:40:00Z,frontend,AJAX request aborted by user,,0
2025-05-18T12:45:00Z,backend,ConnectionError: Connection reset by peer,ConnectionError,1
2025-05-18T12:50:00Z,frontend,Form validation succeeded,,0
2025-05-18T12:55:00Z,backend,TimeoutError: API response delayed,TimeoutError,1
2025-05-18T13:00:00Z,frontend,Modal closed by user,,0
2025-05-18T13:05:00Z,backend,MemoryError: Memory leak detected,MemoryError,1
2025-05-18T13:10:00Z,frontend,User clicked 'Save' on settings,,0
2025-05-18T13:15:00Z,backend,DatabaseError: Failed transaction commit,DatabaseError,1
2025-05-18T13:20:00Z,frontend,Page loaded with warnings,,0
2025-05-18T13:25:00Z,backend,NetworkError: Firewall blocked request,NetworkError,1
2025-05-18T13:30:00Z,frontend,Button click event fired,,0
2025-05-18T13:35:00Z,backend,ValidationError: Invalid enum value,ValidationError,1
2025-05-18T13:40:00Z,frontend,Tooltip hidden,,0
2025-05-18T13:45:00Z,backend,ServerError: Unexpected token in JSON,ServerError,1
2025-05-18T13:50:00Z,frontend,User session refreshed,,0
2025-05-18T13:55:00Z,backend,ConnectionError: Lost connection to server,ConnectionError,1
2025-05-18T14:00:00Z,frontend,Form input field focused,,0
2025-05-18T14:05:00Z,backend,TimeoutError: Service response timeout,TimeoutError,1
2025-05-18T14:10:00Z,frontend,User uploaded profile photo,,0
2025-05-18T14:15:00Z,backend,RouteNotFound: DELETE /api/remove/123,RouteNotFound,1
2025-05-18T14:20:00Z,frontend,Page rendered completely,,0
2025-05-18T14:25:00Z,backend,MemoryError: Stack limit exceeded,MemoryError,1
2025-05-18T14:30:00Z,frontend,AJAX polling started,,0
2025-05-18T14:35:00Z,backend,DatabaseError: Permission denied,DatabaseError,1
2025-05-18T14:40:00Z,frontend,User clicked 'Logout' button,,0
2025-05-18T14:45:00Z,backend,NetworkError: IP address unreachable,NetworkError,1
2025-05-18T14:50:00Z,frontend,Form submission cancelled,,0
2025-05-18T14:55:00Z,backend,ServerError: Internal server error,ServerError,1
2025-05-18T15:00:00Z,frontend,Page refreshed by user,,0
2025-05-18T15:05:00Z,backend,ValidationError: Invalid request payload,ValidationError,1
2025-05-18T15:10:00Z,frontend,JS error suppressed,,0
2025-05-18T15:15:00Z,backend,ConnectionError: Socket closed unexpectedly,ConnectionError,1
2025-05-18T15:20:00Z,frontend,User accepted updated terms,,0
2025-05-18T15:25:00Z,backend,TimeoutError: API gateway timeout,TimeoutError,1
2025-05-18T15:30:00Z,frontend,Button state changed,,0
2025-05-18T15:35:00Z,backend,RouteNotFound: GET /api/missing,RouteNotFound,1
2025-05-18T15:40:00Z,frontend,AJAX request queued,,0
2025-05-18T15:45:00Z,backend,MemoryError: Insufficient virtual memory,MemoryError,1
2025-05-18T15:50:00Z,frontend,User updated email address,,0
2025-05-18T15:55:00Z,backend,ValidationError: Malformed XML data,ValidationError,1
2025-05-18T16:00:00Z,frontend,Modal dialog opened,,0
2025-05-18T16:05:00Z,backend,NetworkError: Connection refused by server,NetworkError,1
2025-05-18T16:10:00Z,frontend,Page scrolled to bottom,,0
2025-05-18T16:15:00Z,backend,ServerError: Resource temporarily unavailable,ServerError,1
2025-05-18T16:20:00Z,frontend,User profile updated successfully,,0
2025-05-18T16:25:00Z,backend,DatabaseError: Deadlock timeout expired,DatabaseError,1
2025-05-18T16:30:00Z,frontend,AJAX response received and parsed,,0
2025-05-18T16:35:00Z,backend,ConnectionError: Connection timed out,ConnectionError,1
